<?xml version="1.0" encoding="UTF-8"?>
<project-private xmlns="http://www.netbeans.org/ns/project-private/1">
    <editor-bookmarks xmlns="http://www.netbeans.org/ns/editor-bookmarks/2" lastBookmarkId="0"/>
    <open-files xmlns="http://www.netbeans.org/ns/projectui-open-files/2">
        <group>
            <file>file:/Users/sindrethompson/Desktop/Giropp-Development/EnterpriseApplication1-war/src/java/Management/NewStudentServlet.java</file>
            <file>file:/Users/sindrethompson/Desktop/Giropp-Development/EnterpriseApplication1-war/web/teacherRegistrer.html</file>
            <file>file:/Users/sindrethompson/Desktop/Giropp-Development/EnterpriseApplication1-war/src/java/Management/NewTeacherServlet.java</file>
            <file>file:/Users/sindrethompson/Desktop/Giropp-Development/EnterpriseApplication1-war/src/java/users/Bruker.java</file>
        </group>
    </open-files>
</project-private>
